id,user_id,title,description
1,1,"Diskon Mobil Bekas - Dapatkan Sekarang!,""Nikmati diskon besar untuk mobil bekas. Penawaran terbatas, hubungi kami segera!""",Mobil bekas dalam kondisi bagus dengan harga yang bisa dinegosiasikan. Hubungi kami sekarang!
2,2,Jual Mobil Bekas - Diskon Terbaik!,Promo diskon menarik untuk mobil bekas terbaik. Cek penawaran kami hari ini! 
3,3,Jual Mobil Bekas - Kondisi Bagus!,Mobil bekas berkualitas dengan harga terjangkau. Hubungi kami untuk mendapatkan penawaran menarik!
4,4,Jual Cepat Mobil Bekas - Kondisi Prima!,Dapatkan diskon besar untuk berbagai mobil bekas berkualitas. Cek penawaran terbaik hari ini!
5,5,Mobil Bekas Murah - Kondisi Terjamin!   ,Dapatkan diskon besar untuk berbagai mobil bekas berkualitas. Cek penawaran terbaik hari ini!
6,6,Promo Mobil Bekas - Harga Terendah!,Nikmati diskon spesial untuk mobil bekas. Pilih dari berbagai model dan merk!
7,7,Diskon Spesial Mobil Bekas - Jangan Lewatkan!,
8,8,Diskon Spesial - Mobil Bekas Harga Terjangkau!,Diskon spesial untuk mobil bekas dengan harga terjangkau. Tersedia berbagai merk dan model!
9,9,Diskon Spesial Mobil Bekas - Jangan Lewatkan!,Dapatkan diskon besar untuk berbagai mobil bekas berkualitas. Cek penawaran terbaik hari ini!
10,10,Penawaran Terbaik - Mobil Bekas Berkualitas!,Mobil bekas untuk dijual dengan harga spesial. Cek penawaran kami hari ini!
11,11,Jual Cepat Mobil Bekas - Penawaran Spesial!,Dapatkan mobil bekas dengan harga terendah. Diskon besar tersedia sekarang!
12,12,Mobil Bekas Berkualitas - Cek Sekarang!,Mobil bekas untuk dijual dengan kondisi prima dan harga negosiasi. Hubungi kami segera!
13,13,Mobil Bekas Berkualitas - Cek Sekarang!,Mobil bekas dengan kondisi bagus dan penawaran menarik. Hubungi kami untuk info lebih lanjut!
14,14,Penawaran Mobil Bekas Berkualitas - Harga Terbaik!,Mobil bekas berkualitas dengan harga terbaik di pasar. Jangan lewatkan kesempatan ini!
15,15,Penawaran Terbaik Mobil Bekas - Segera Dapatkan! ,
16,16,Promo Mobil Bekas - Diskon Besar!,Penawaran terbaik untuk mobil bekas berkualitas. Segera hubungi kami untuk mendapatkan penawaran!
17,17,Penawaran Mobil Bekas - Harga Terendah!,Dapatkan mobil bekas dengan harga terendah di pasar. Segera kunjungi kami!
18,18,Penawaran Mobil Bekas - Kondisi Bagus!,Kami menjual mobil bekas dengan kondisi terjamin dan harga murah. Tersedia berbagai merek dan model!
19,19,Jual Mobil Bekas - Diskon Terbaik!,Diskon spesial untuk mobil bekas dengan harga murah. Segera hubungi kami untuk detailnya!
20,20,Promo Mobil Bekas - Diskon Besar!,Mobil bekas untuk dijual dengan penawaran spesial dan harga negosiasi. Hubungi kami segera!
21,21,Jual Mobil Bekas - Kondisi Terjamin,Diskon besar untuk mobil bekas. Harga murah dan kualitas terjamin.
22,22,Jual Cepat - Mobil Bekas Dalam Kondisi Prima!,Segera dapatkan mobil bekas dengan penawaran terbaik dan harga yang bersaing.
23,23,Mobil Bekas Berkualitas - Cek Sekarang!,Promo menarik untuk mobil bekas terbaik. Cek sekarang dan dapatkan penawaran eksklusif!
24,24,Promo Terbaik - Mobil Bekas Berkualitas! ,Diskon besar untuk mobil bekas. Harga murah dan kualitas terjamin.
25,25,Penawaran Mobil Bekas Berkualitas - Harga Terbaik!,Penawaran untuk mobil bekas berkualitas dengan harga terjangkau. Hubungi kami sekarang!
26,26,Promo Terbaik - Mobil Bekas Berkualitas! ,Kami menjual mobil bekas dengan kondisi terjamin dan harga murah. Tersedia berbagai merek dan model!
27,27,Promo Terbaik - Mobil Bekas Berkualitas! ,Dapatkan mobil bekas dengan harga terendah. Diskon besar tersedia sekarang!
28,28,Mobil Bekas Terbaik - Promo Menarik! ,Mobil bekas untuk dijual dengan harga spesial. Cek penawaran kami hari ini!
29,29,Jual Mobil Bekas - Harga Spesial!,Nikmati diskon spesial untuk mobil bekas. Pilih dari berbagai model dan merk!
30,30,Jual Mobil Bekas - Kondisi Bagus, Kualitas Terjamin!
31,31,Jual Mobil Bekas - Kondisi Bagus!,Mobil bekas berkualitas dengan harga terbaik di pasar. Jangan lewatkan kesempatan ini!
32,32,Penawaran Mobil Bekas - Harga Terendah!,Penawaran terbaik untuk mobil bekas berkualitas. Segera hubungi kami untuk mendapatkan penawaran!
33,33,Diskon Mobil Bekas - Harga Murah!, Kualitas Terjamin!
34,34,Mobil Bekas Berkualitas - Harga Terjangkau!, Kualitas Terjamin!
35,35,Diskon Spesial - Mobil Bekas Harga Terjangkau!,
