id,name,email,kontak
1,Lalita Kusmawati,opan86@example.com,+62849-2858-3910
2,"Karman Prasasta, S.Pt",dardianto@example.org,+62897-3465-5240
3,Hasta Hidayanto,galang33@example.net,+62867-1778-0687
4,Hj. Maimunah Mustofa,zelaya47@example.com,+62897-3719-7259
5,Agnes Iswahyudi,pnababan@example.com,+62839-2255-0146
6,"Dr. Enteng Nuraini, M.TI.",maheswarajarwa@example.com,+62871-9174-8476
7,Rahmi Nababan,yosefsitorus@example.com,+62829-3246-0351
8,Karen Pranowo,zulkarnainibrahim@example.org,+62853-6634-8367
9,"R. Sari Hutapea, M.Ak",vutama@example.net,+62843-3088-5852
10,Ciaobella Uyainah,hartatimulya@example.net,+62811-4485-5310
11,Tania Agustina,qpradipta@example.net,+62830-8419-4684
12,Adika Permata,harto60@example.net,+62804-5996-0329
13,Wulan Wahyuni,wulandarijelita@example.net,+62821-2763-4505
14,"Jayeng Lazuardi, S.Gz",vutama@example.org,+62898-6497-9454
15,Maria Prasetyo,zwijaya@example.net,+62804-0445-4119
16,R.M. Kasim Rahmawati,megantaraeka@example.net,+62800-4260-8853
17,Tari Sudiati,agustinaasmadi@example.com,+62817-4590-4792
18,Cengkal Uyainah,andrianipaiman@example.org,+62833-8997-4652
19,Umar Yulianti,candranababan@example.org,+62828-4678-2643
20,Elma Laksmiwati,prasetyoopung@example.org,+62852-9266-1927
21,Jane Wijaya,jaswadi13@example.com,+62872-7463-5246
22,Fitriani Dongoran,nasyidahkarma@example.com,+62832-2178-3816
23,Sari Permata,raisa75@example.net,+62835-5451-6092
24,Cut Kamila Samosir,jefriutami@example.org,+62823-8271-9146
25,"Puti Keisha Anggraini, S.E.",wulandaripardi@example.com,+62877-2971-7931
26,Vero Permata,kairavutami@example.com,+62835-4992-8607
27,Hamzah Prayoga,nataliapermata@example.net,+62819-1875-8082
28,"H. Lurhur Siregar, M.Pd",jasmani58@example.com,+62882-1398-1272
29,Usman Rahmawati,kamidin99@example.com,+62896-8671-1657
30,R. Kayla Hakim,candrarahayu@example.org,+62893-7681-2537
31,Alika Lailasari,jamalianababan@example.net,+62863-0392-5080
32,Laila Wahyudin,sakura56@example.org,+62822-9378-5526
33,Dr. Amalia Hidayanto,harjasawinarsih@example.net,+62812-7245-2790
34,"Purwanto Pratama, M.TI.",cakrajiyakuswandari@example.net,+62879-6145-8163
35,Almira Dongoran,fnurdiyanti@example.net,+62825-2869-8565
36,"Tgk. Hilda Uyainah, S.T.",endrapudjiastuti@example.com,+62889-9638-7153
37,Tina Utami,zelayawinarno@example.com,+62828-2478-0950
38,Cakrabirawa Wahyuni,jkuswoyo@example.net,+62820-0533-2110
39,Anastasia Wacana,udafirgantoro@example.net,+62802-3457-2657
40,dr. Harsanto Ramadan,januarbahuwarna@example.net,+62864-5117-5641
41,"Drs. Janet Anggraini, M.Ak",ahastuti@example.org,+62828-7168-6216
42,Gamblang Januar,zulaikha26@example.com,+62836-2482-4627
43,"Karna Setiawan, M.Ak",xutama@example.com,+62800-0296-1232
44,Tgk. Eluh Farida,jagustina@example.com,+62894-6892-0984
45,"Intan Nugroho, S.Pt",latuponowani@example.org,+62875-8330-8410
46,"Sutan Adinata Januar, S.T.",jelita15@example.org,+62849-8736-2604
47,Kani Novitasari,ksaefullah@example.net,+62860-9552-4779
48,Laswi Nugroho,nasyiahrosman@example.net,+62890-7399-2210
49,Zamira Waskita,palastrititi@example.com,+62874-7061-6010
50,Purwadi Suryatmi,danu78@example.com,+62807-2163-1267
51,Daniswara Siregar,hendrinarpati@example.com,+62845-4777-0066
52,Kardi Anggraini,aaryani@example.org,+62808-2558-1935
53,"KH. Luhung Saefullah, S.Pd",yanggraini@example.net,+62868-7692-0493
54,Tgk. Raden Maheswara,saputraamalia@example.net,+62869-7686-1854
55,"Balidin Mangunsong, S.T.",rmulyani@example.org,+62805-9163-8923
56,Janet Prabowo,panjiprabowo@example.com,+62865-9147-9999
57,Taufik Adriansyah,szulaika@example.net,+62856-9330-5210
58,Putri Saefullah,cakrawala78@example.net,+62811-9098-2918
59,Hasna Pratiwi,uriyanti@example.com,+62886-4248-7038
60,Wage Pranowo,jaeman90@example.com,+62806-5220-4911
61,"R.A. Dian Nuraini, S.Farm",ppermata@example.net,+62897-2292-0179
62,"Betania Wacana, M.Pd",irnanto32@example.org,+62858-8034-8847
63,Estiono Adriansyah,uyainahbella@example.net,+62849-6635-9619
64,Novi Zulkarnain,ilsa06@example.com,+62829-3289-3452
65,Elon Wibowo,anithamrin@example.com,+62803-6379-1083
66,Maras Andriani,novitasariraden@example.com,+62803-3951-5355
67,Pia Pranowo,rahayu42@example.org,+62885-9458-6118
68,Paris Zulaika,nhakim@example.net,+62860-3311-4961
69,"Adhiarja Maheswara, S.IP",tarihoranelvin@example.com,+62863-7931-4637
70,Talia Wulandari,ramadanridwan@example.com,+62889-2737-3881
71,R. Dinda Widiastuti,guwais@example.org,+62872-7281-7519
72,Tgk. Langgeng Palastri,viktorsihotang@example.com,+62827-6621-1981
73,Kania Prayoga,owibisono@example.com,+62863-7643-2631
74,Martaka Susanti,qhakim@example.com,+62815-2716-4182
75,Vanesa Nurdiyanti,rmelani@example.com,+62815-6728-3573
76,KH. Kardi Dongoran,palastriyessi@example.com,+62802-6499-9122
77,Amalia Farida,aryanimaryanto@example.net,+62899-0885-0775
78,Yulia Anggriawan,utamiirsad@example.org,+62895-4423-4049
79,Rachel Rahimah,unggulanggriawan@example.net,+62876-6687-8055
80,"Sutan Galur Pradipta, S.Psi",ekawijaya@example.org,+62837-8854-8854
81,"Maryanto Puspasari, S.I.Kom",saefullahirnanto@example.org,+62812-2255-7124
82,Teguh Salahudin,halimmangunsong@example.com,+62843-9475-8048
83,Dono Hutasoit,hasimhasanah@example.com,+62891-7104-8071
84,Karman Iswahyudi,nyoman62@example.org,+62810-9103-3123
85,Jarwadi Hidayat,opan27@example.net,+62864-5215-2236
86,Zizi Zulaika,yuliartidadi@example.net,+62870-8205-1129
87,Ir. Faizah Marpaung,mulyono89@example.net,+62894-2699-0197
88,"R.M. Harimurti Widodo, S.E.I",mursinin74@example.net,+62836-8030-1714
89,"Ir. Almira Kuswandari, S.Sos",hasan14@example.org,+62820-3942-4781
90,Emil Nasyidah,amarpaung@example.org,+62859-8084-3409
91,Makara Prasetyo,iyolanda@example.com,+62867-2207-6973
92,Patricia Laksita,gawatipertiwi@example.com,+62876-0252-5864
93,Warsa Saefullah,dhabibi@example.org,+62806-4558-6782
94,Tari Namaga,ifujiati@example.org,+62805-4559-7490
95,Jasmin Rahayu,adriansyahviktor@example.com,+62893-4836-4840
96,Tugiman Sitompul,kasiranlatupono@example.org,+62848-0432-3311
97,Bahuwarna Sihombing,makarapermadi@example.net,+62855-4218-7760
98,"Raina Wasita, M.Kom.",mriyanti@example.com,+62855-9553-5922
99,Daruna Nuraini,dagel92@example.net,+62853-1637-1581
100,Bakidin Permata,balangga09@example.org,+62837-1995-1540
